Name,channel_url
The Money Mentor | Chris Winter,/channel/UCDYgVS2lYNyk2waGOSe-bpA
Tanner Planes,/channel/UCSDclSDfDZLCTfxbt64IotQ
James Beattie,/channel/UCvGJ3qWSObAuTozOMy6tq6g
Wholesale Ted,/channel/UCC8wczy7734jKPhiR2UkS9A
Arie Scherson,/channel/UCLX9HF0CKKiBSkkhqpYGxgQ
Joe Robert,/channel/UCNh9lB7D5JMiDQTJKYZ556Q
Beast Of Ecom,/channel/UCg1lOvBv6l0TzmiUvEL53UQ
Hayden Bowles,/channel/UCRRAra8zR-gQ8Us-4QdMe_w
Tristan Broughton,/channel/UC_Ic8HZSPfIW9TES3jPgpCg
6 Figure eCom Academy,/channel/UCYknf6ogmUtTZCZLbaUZUHQ
Zach Inman,/channel/UCGuB53kn0kEDOOXMKplmUlQ
KING COMM,/channel/UCaE25qvnw6nxbkoeBigWmJQ
Scott Hilse,/channel/UCF_UTPI3t0oLT-waokYoesQ
Gabriel St-Germain,/channel/UCqw27ZfS4aWdNhP1MDOldPA
Tobia Wilson,/channel/UCJMJ3MVDgG_S_J2A80eCtYA
Matthew Sabia,/user/MattSabia
Alex Djordjevic,/channel/UCGFYlyx1dD88FPpgNqrYIRA
Jack Kitchener,/channel/UCyort6NupSf_dx6psBmC9DA
Jay Holley,/channel/UCl6s2uLq4WjThjS2OFVxAqw
Nick Peroni,/user/nickjperoni
Dan Dasilva,/user/redcutmarketing
Stefano Montana,/user/Raphael20359
Ricky Hayes,/channel/UC9Nrmsn0jlFsbuzmeUVdIUw
Madcam Publishing,/channel/UC_tPEZK3CqFZI2YAoaFAc9g
Elliott Prendy,/channel/UCqg9rW34FyiKpo2TiYx8zAA
Dan Vas,/channel/UCba-OKnXOFOe3eTXlXYuDTQ
Connor Chapman,/channel/UCRxLrRMMlvfTiHQazGA2PwA
Kevin David,/channel/UC_MTE8H-i_spop-Gc9tOCDQ
Franklin Hatchett,/user/MiniVanSteve
Nomad Grind,/channel/UCmj3A8pNew1WdWUKPNs1xhQ
The Realistic Entrepreneur,/channel/UCBKgkuZr86_iqGqXi__ZoGg
Shri Kanase,/channel/UCyQNz6Xg5FVXjvfOMj5Rj5g
Peter Pru - Ecommerce Empire Builders,/channel/UC2a1ymwaid9Rl3SBHe8LPiA
The Ecom Wizard,/channel/UCCKvIaqLAkayKj4rVKBi3BQ
Casual Ecommerce,/channel/UC8w05MpPAcR0wNVcuadBBow
Ecomhunt,/channel/UCl30RgwR4nKv9oej9oQ5n6A
Dave Ying,/channel/UC7GK_BiVbj0V90xL6WP65rQ
Startup Astronaut,/channel/UCN269jnpf4kVQzO37fZsKHQ
Nik Armenis,/channel/UC2eJIQjzErQ9RJJYF1pSsfQ
Fred Lam,/channel/UC-ExnmYdw61X-LLLePbUFPA
Drop Ship Lifestyle,/user/dropshiplifestyle
Nash Hagen,/channel/UC7xlPuaAk8-nvVH14uBy-Kw
Beeketing,/channel/UCE7k7lCpH5HX83T66bm6-xQ
Justin Cener,/channel/UC8jRs1LfVO5vsrSk-YRu5ZA
Nate Andres,/user/blackhabit
Curious Themes - Shopify Experts,/channel/UCztm-DxaKV1EpXSVxlVvbeg
John Green,/channel/UCy8geluVzgBz0YkWz96B57w
AVSTech - Anant Vijay Soni,/channel/UCQ3NeFKF2yo70xxBBUDeXXQ
Linsay Moore,/user/linsaym82
The Dropship Dropouts,/channel/UCRSI0lWcbiq5pDrorC1HmKw
Rory Ganon,/channel/UCt3JrK7A_yYDk1Gz3acFm0g
ANDREW ETHAN ZENG,/channel/UCgDqL4yzXb4BflimZaxL4Vg
Kos Timos,/channel/UCMbuBiIYGe6mKSnS5VGlPag
Justin Painter,/user/ImJaay5
Flying Start Online,/channel/UCGOumeX-R2dKfan6hYjGR_Q
Shopify Partners,/channel/UCcYsEEKJtpxoO9T-keJZrEw
Sebastian Ghiorghiu,/channel/UCZ59iKBmGRfQlnl73sOX0Lw
Kirk Buchanan,/channel/UCziarjfPOzaUp9-2hQ2N-sw
Earning While Learning skyline,/channel/UCUnmxgari3ELJJdPB8UdDbg
Ali's Online Tutorials,/channel/UC7JCDnBJUbq8wQxcA2YHeVw
Jess Moore - Entrepreneur Uprising,/channel/UCn_64lULShmCgxcfjGDm42g
Ecom Video Training,/channel/UCwtSKvxBoZR-RkQyTvFyTdA
James Still,/channel/UCN-ISM4OK1tpC8bms_Lpizg
Dom Morace,/user/morachi24
Rafael Cintron - 7 Figure Ecom Secrets,/channel/UC3W9_TeLXVGQnEsLsLfdzUg
Sam Lyon,/channel/UCOglnG6-SkN-uZt3JPVI3Fg
Sebastian Esqueda,/channel/UCHp_T5nCTk_6f6_hFlxEoDA
Oberlo,/channel/UCjuxbyEZytRdXptCYJzeXgQ
Till Boadella,/user/juanboadella
Chris Reiff,/channel/UCsd2uFWVINVRuejb_QMywjA
Apo Svalley,/channel/UCW3pY3wAhRA-gb7GL8qoLRg
"Reece Moss - SMMA, Ecom, FBA, Marketing & More!",/channel/UCUeYieY8vKCFEcFEkstayXg
Tome Marcos,/channel/UCcrE3H6i5vIByEB2PWInebA
João Alberto,/user/joaoalbertofn
Teo Vanyo,/channel/UCS5Gz5v0Tbxm_AXTDoyV0Mw
Riccardo Göderle,/channel/UC01AVaxklAhI38d5BLr-QYg
Malik Mufasa,/user/MalikFoShow
Eggflow,/channel/UCcqH1txSRcUWyrN0w72IT6w
Sean Prentice,/channel/UCWrK6oYFZMccIVWXOGJTZbg
Ryan Huncho,/channel/UCs4huM1O7vydeBbiFujFh9Q
mastersofmoney,/channel/UCjwjgWtbG3Ej53rSE3OuR3A
PageFly Shopify Page Builder App,/channel/UCghz9quakEUXEA_iHO9dzuA
Peter Chan Jr,/channel/UCiTeIJtXecZarGZA79ZVDFA
Alex Philip,/channel/UCwfT5Vk-CUuJFqjyIry_a0g
Businessopedia,/channel/UCrmtG38i6fG5J1xYavZZHUA
John Best Tools For Internet Marketing,/channel/UC96KDAjkrFUG8O1USR0cJsw
Laptop Lifestyle,/channel/UCNmLeOrRS5St9hf5qPg7-sw
Neil Patel,/user/neilvkpatel
EcomXSEO,/channel/UCLpyp5shU7G6uIvArH7IQaA
Karan Badlani,/channel/UCthcomSJoj4tPF-9HqzWUMQ
Technical SJ,/channel/UCCtcIUHXV-5WSrV8IR87Zaw
Hamza ishfaq,/channel/UC5etne7cQdk6r2TuYFbCTSg
Shogun,/channel/UC_K05jH_tYkiJy8DZzLdLyw
Order Metrics,/channel/UCW9Mj4PMvjPbUx0ppsGudHw
Shopify Help Center,/channel/UCSG_dVp-hi_hWP-Z7DlpRgQ
Mobidonia,/channel/UCLRcycEBP_eznv-eC4FoxWw
Braden Wuerch,/channel/UCl0q8ZGmHGXE2E_OM9qMt9Q
iSenseLabs,/user/iSenseLabs
Marco Rodriguez - The eCom Project,/channel/UChp_LFhlvLzfNY87njGy-Ww
Zain Merchant,/channel/UCOpQL7pS4qIb7PMbn57vy3w
Ivy Zhu,/channel/UCAYJJOvdv7VTniODTz0XKYA
Gary Vaynerchuk Fan Page,/channel/UCl-KxDRAaoZGW9HGed_hD8g
Bold Commerce,/user/boldapps
POISE E-COMMERCE,/channel/UCMgj52uBgPXnsP6gWMoTpTg
Prophet,/channel/UC1Kpbzmqxxw0OHHKX6om8eA
Rezolutions Design,/channel/UCwS4JnGJNlQsD10qnHr-gWg
Ecom Dominators,/channel/UCG3kFhlRk7zGcyCz-EssKRg
Tremayne Turner,/channel/UCb5JfnFRyTVwBGk1mecuHkw
Booster Theme,/channel/UC_frH8qAEeSEFJWwyUx5cSw
The 2 Year Millionaire,/channel/UC7m0AjJfqO-j5Lust7j5PEg
StoreYa - We Make Marketing Effortless!,/user/StoreYaChannel
Shane Michaels,/channel/UCXCetO2SeMGClEBrZV6q5fg
Zoey Commerce,/channel/UC6eFMUdu4amimAcpv0L7Lyg
osiaffiliatedotcom,/user/osiaffiliatedotcom
Leon Green,/channel/UCkGGqH2zBlhwCy7QHZXH-Ow
Adam O'Reilly,/channel/UCK6SQiQ_4bEl2OmbMYcVUzw
Nath,/channel/UCpjiTNGiLdAgZpZEyQmZRBQ
Amber Digital,/channel/UC9RpxG7VDqp_FuhLept3wFw
Manoj Dhanotiya,/channel/UCVAPCDTRhMpYA79M86PibBg
Hektor Commerce,/channel/UCKqtH8HkDU-ZyzjDoGJOMiQ
Neel Talks,/channel/UChUW4iUEg7lAEEd9pxyv3rQ
Buy Then Review,/channel/UCw2qUCiF6q12sBBSLCZ47pg
THE ECOM KING,/channel/UCn8V4itSjrJBax-xLNJxeOQ
GaryVee,/user/GaryVaynerchuk
Dalia Abdalla,/channel/UCi4knCW3dzKuB5os6KFP4mQ
Shopify,/user/shopify
Marketing 360,/channel/UC2kyfjZNXSPLwUyPYaYPsdg
Freedom Savage,/channel/UC4l945SPGfkX9iLUVk_25Pw
Tripster Developers,/channel/UCQGyR4H6jQTgGMIiHGHkSHA
Ahrefs,/channel/UCWquNQV8Y0_defMKnGKrFOQ
Travis Marziani,/channel/UCxkIzPnPzWLz4IeuxIROflg
Jonathan Pemp,/channel/UCiRBDFJHhypmXVg_rACvEPQ
Money Guru,/channel/UC_d3dOruc-Y0CNzoNRLPDzw
Deadbeat Super Affiliate,/channel/UCB7ZX3piXOfyu1N9ho2ULIw
Omid Geek,/user/omid8888
Siddhant Seth,/channel/UCtdsdBArZvP3R-YSU3ESgsQ
Brian Dean,/user/backlinko
Klever Entrepreneur,/channel/UCrHrTYHdrf9hNZYjR-VAwDw
Pixc,/channel/UCJRPCBXeiCESKvQhbIPf2XA
ODi Productions,/user/officialODi
Brent James,/channel/UCybKdjwgtw_Q1mVX3o0yarg
Matthew Johnston,/user/MatthewJohnstonn
Biaheza,/user/CurbFrontSkate
Cameron Wallace,/channel/UCTmmrXDyIFO4MUxiArTg6TA
Michael Kohler,/channel/UCP8KMbR55r6Y7q6S5us076g
Millionaire By 21,/channel/UChel30MoJQAEGw98nN6-xHw
Secret Wealth Project,/channel/UCMEcRb7IwlT8aoRpepDiBIQ
Arabic Marketing,/channel/UCbWVHaTKCu2nYSw8wAlTOoA
Entrepreneur Talk,/channel/UCXccg6fCU3c8bzFb0DKYw8w
PUMA COMM,/channel/UCo65segKpOwDUa0gL5BJ2ig
Build Grow Scale,/user/windowsuccess
Baird Business,/channel/UCvzwov2TUYVFDvJ8CK99VpQ
jorge antonio,/channel/UCzLKhSIpqWOCoIzQE38Agnw
Connor James,/channel/UCKX5OD2cjTQw4xUgqJqA0Gg
Flying Start Online - Hindi,/channel/UC2WcnvVV543XYHtk1pGUv6Q
Dreamcloud,/channel/UCjVFcBkan1YeVaO89TDCpcg
Max Aukshunas,/channel/UC_bmkXdlDEqyfUrcIiEDL2A
Ian Smith,/user/IanJTime
OLD VISIONS,/channel/UCKzMli-odPM_bALwxi-GizQ
Trey Cockrum,/user/treymagicvids
MR. ECOMM,/channel/UCFUwrbJ-3lavr2YhGSiguPw
Your Boy Brock,/channel/UC6FsLQjjP0-RIDukRFHQ4eA
Chris Nwalor,/channel/UCfMXY_Uj9VqN4T6MXG26eeQ
Sam Jacobs,/channel/UC4HgxOCFbeIKKJcTvv4xSeA
Balousha,/channel/UCTebTHf44-9bZuA7tWCHi4g
Ecom Wizard,/channel/UC5YXHOU3uHDE4WAHpyZVojg
Nick Biedermann,/channel/UC2YuvFT-zr6vofioJPu8d0Q
Juan E. Galvan,/channel/UCZaDJfCUIbkXolm8uYskZuw
Jesse Eby,/channel/UCuv1ZEVyty4gy6yB1MkHCfw
CEO Deshayla,/channel/UCVamSftd0Nwjtl9DkmzbmPQ
Sean Anthony,/channel/UC-9njFlYElQEzCIDAPd0FMA
Hunter Talks,/channel/UCkqSMh8wT2hUn1D7k4V3NgQ
Aaron Ward,/user/award46
Christine Clifford,/user/TheCancerClub
Jordan Welch,/channel/UC5deKm1RRbcoUIuLuSCFprg
Shopify Marketing Videos,/channel/UC1LSE5ANKegVGnu_j5WY5Aw
Niche Online Traffic,/channel/UC1aDxqNOFv5CjLlanN8LIhw
Todd And Leah Rae,/channel/UCXcvJzx78bmglfsCQXHz2aA
Ebenezer Frimpong,/channel/UCFpq7XS6uvmASyFGtLE6lfQ
Seguno Software,/channel/UCbkcXyiqnGa77AVdCyyTd6Q
Sebas Bedoya,/user/sebasqty
Alex Berman,/user/alxberman
Paul Nicholson,/channel/UCiQK7yBIzIVIrzyH7piy5Ww
LeadDyno,/channel/UCKC5IBn-spneTaLzd47Z-ug
Fernando Etienne,/channel/UCq_T3CHGQPOfrUyg5jUjQXQ
LeadDyno,/user/LeadDyno
Anthony Mastellone,/channel/UCqoe3kl1zR5w-GkHnA_yTCA
Sourav Ghosh,/user/bhagbanda143
David Stone,/channel/UCVvJ4utXw0nHpMGObS55N9A
Nayyar Shaikh,/user/nayyar29
CharlesNgo,/channel/UClqocaPQufyvL-FOLi48Ucw
Noah Brewer,/user/watbmx
emarketing,/channel/UC8teqHJWMYlTQ7MRL4ayiZw
ShoutOut,/channel/UCkOzQ0J_q8nXBxrHfbehF_g
eCommerceKid,/channel/UCJtvDXp4Whnr2n3lySiJ7gg
Alex Tooby,/channel/UCCPAYZr5GA5Na7KES2qCKWA
Hello WhatsHelp.io,/channel/UCT6It9Crwyr1GLPYfB1FEiA
Hogan Chua,/channel/UCDuOKlgMAc4fyll2-yqkTsw
Thomas Frank,/user/electrickeye91
Tyler Moore,/user/Conutant
iampauljames,/user/iampauljames
Keder Cormier,/user/corked22
Kevin Vang,/channel/UCePO3kdtNJkITb35aZD-zjQ
Caffeinated Blogger,/channel/UCKMDqnJbYx6yv0N-dRvRAgQ
ecom invasion,/channel/UCF8vq4QSfv54DfgAJ8jlv1A
Brennan Valeski,/user/Nannarki46
10k Success At Home,/channel/UCu1yjVygJJM5x_3kq1jUCIQ
Team DeAngelo,/channel/UCwK_Lzu6g1hz7qZwUs5JnpA
ADAM TRAN,/channel/UCOyJySecPBezSSUL8csCHiQ
Jeffrey Dale,/channel/UCn60siVZwgiJN2LMis36wfg
Egochi,/channel/UCPr95xHZ2NsCslezzm_d98Q
mehar Singh,/channel/UCwRrRGB_zpmHTOUJ3PCllbQ
Adolab,/channel/UCIOGcBDoWP6zKctc6NEiEAw
Donte Walker,/user/wdonte90
Techtotality,/channel/UCU4idsArG51r1sL2Bu9DHFA
Google,/user/Google
Sunbowl,/user/howtoshopify
Brendan Verhoff,/channel/UC0LneSDTed5npodWUKsKzlg
The Wolf of Wall Street,/user/wolfofwallst
Marc Wayshak Sales Research & Insights,/user/mclwayshak
John From Adchill,/user/johnsiphone1
Devin Zander,/user/OFFICIALZTechReviews
Mordechai Arba,/channel/UCCWzxpWLvvbwnDI2FqvRFtQ
Ecom Musa,/channel/UCnJYrGe6lfcQyT75_aVepig
Josh Black,/channel/UCUlWZvhjgrfpyZb0tcJe1GQ
My Digital Strategist,/channel/UCXmjkfHw3Th3AxBSKhlcQlw
Vlad Ilyusha,/channel/UCM_P3xDh1DmtqF3vcwVZKkw
RAJKUMAR,/channel/UCCvd95x3cwKOtN8089TaiXg
Start Starting Up - Greg Preece,/channel/UCm9SCEqwQwPc8_nMHbkuy7Q
Andy Hafell,/channel/UCsbDORPKmGvQfZDkA0ZTsMg
The Hustlr Show,/channel/UCmblzNgLEiIMLDIbN2zWDtw
caden,/channel/UC1q2bILYOt228yg8CwBoNjg
vishal kalia,/channel/UCzYw2Yp2M8OvhbEa3J3Z1pg
Gowebbaby.com,/channel/UCo4PSFEBLS5QBR47PXcq6Rg
Jason Whaling,/channel/UCmH99cCLXOXzaEFJKyGJXTw
Internet Marketing Case Studies,/channel/UCLM1m03gYdooAeHrlDy93vw
Salvador Briggman,/user/crowdcrux
Shankar Rao,/channel/UCSQDwUS8LmsCGDV_735nz7Q
CodeWithChris,/user/CodeWithChris
That Entrepreneur Lifestyle,/user/bodiebrutus
Credible Shopify App,/channel/UCq8_CaF3LrQkAn4arhJ8jQw
2chill4 stress,/channel/UCE3W3EDOd7IMK8NK0uOrjXA
Jason Wardrop,/channel/UCBgPxTfodXMa_zavgl0DX7A
Andre C De Souza,/channel/UC-BM4Eew6OeDf6O-O6vY0pQ
Met Rivers,/user/metrivers
Muhammad Faizan Khan,/user/meetfaizan
Grant Cardone,/user/GrantCardone
Yous,/channel/UCk2xpb4Ob7oVIBCCa1EJJAQ
Martin Lilly,/user/MGL2K12
Angie Gensler,/user/angiegensler
Lee Holdsworth,/channel/UCONnhBpzuVwBsxWXnaGj0JA
Thaddy,/channel/UCrf9Su1_Sv3Sk8MxxNx6PLQ
Help People,/channel/UCY2SqwSbFC-vZZFGuoiBruA
Gary Alach,/channel/UCMMilyxhdmb7qxd7tlCjFbw
No BS Dropshipping,/channel/UC3gpg9NFf3buGlX0E_gTqJQ
Justin Meister,/channel/UCm7W6iVCvECW6G56lm617NA
Ahmad Azam,/channel/UCOWQCEZg7r6hjQKHY4LCLWw
Dan Lok,/user/vanentrepreneurgroup
Viral Loops,/channel/UCzjgtYriXo5Qbj6Hy6ig2Kw
Foundr Magazine,/channel/UChpWgrkJY_i7F6wwI_TOnrg
Aversity,/channel/UCxbUYuAKq28kJXgtCOwF1Cw
Brandon Taveras,/channel/UCy0NfTSlV6arOPsTy2enVdw
Shoptimized Theme,/channel/UCTrD95fOki18PO9Ift5ZbHg
KT nine,/channel/UCCqWqRlHUMH-TiG0KbA8ayw
Entrepreneur Junky,/channel/UCUGe8BjAG3P-6XU-7zTe_pg
DualEx,/channel/UCJ4Dx798nFsEdsBv5m4_eOA
Timotej Gracner,/channel/UCtl_1DWPlFzk_9ho3elKZbg
Master Facebook Ads,/channel/UCp4gqnjZYVr5zcwdowLkpqg
Richard Jordan Louie,/channel/UC8Ny4F2NbeTVaXddghNF2ag
Cody Neer,/user/TheCodyneer
Convicted Marketer,/channel/UCa2QOnKOLv4T6ge3VEt0lyw
Hunter Cesare,/channel/UC9gZflk9dqH-c6hj9vTAspg
Dylan G,/channel/UCOv944rClDqGFQUEyQtT1Xw
GaryVee Archives,/channel/UCOEMEjL1GBJ41uCWur5VXWQ
SavvyWeb,/user/luckyweb888
Mike Vestil,/channel/UCYONTR6PoZVJ4EcbOz3qdtw
Johnny FD,/user/JohnnyJ3N
Startup Reine,/channel/UCcKq_H5pWFHUXqPZkYnbplw
MakeMoneyOnlineTV,/channel/UCkWYAu2zvglWP1t7CICoUew
Tapps TV,/channel/UC1ERZAaJL-i8t5wNoEAqQvA
Josue Pena - Online CEOs,/channel/UCiQ3ZhSoXN1ixHIhjzym1uw
Yaniv,/channel/UCYZag7yOfcgLHQrKKlJt8Cw
ProfileTree,/user/ProfileTree
UGR,/channel/UCRlZTGXThWFqIz5kNwVuErw
Zaki Mohamed,/channel/UCJ1KI998uHwglqI6fCxbceQ
Juan Valdez,/channel/UCV_Hejv9Yot5v321WcuhnEg
Seth Kniep,/channel/UC8Sh9yuLqlpnQdBdcfwFErA
Shopify How To,/channel/UCdN-RKEorn61nZ3mTw4uq1g
Twilio,/user/TeamTwilio
Angela Froschl,/channel/UCwvSqtMVnmSUTVy7Wt9NZVg
Webkul - Head Office,/user/webkul
Rules For Rebels,/user/rulesforrebels
Clever ecommerce,/channel/UCqafcIaWw93hF-ZvPrJLMnQ
Jewelry business,/user/yarivgai
SugarBird SugarBird,/channel/UC4hKJqThwBAz1sb-X0EJdXw
Kingpinning,/channel/UC2psO2E5Fys9YHY5-_9PjNg
Splashman PB,/channel/UCCvpfDF9J-1E1FioPqiRo1Q
Thinking Assets,/channel/UCzbx_ajD1UTNqtJlHRC82Iw
Jason Gandy,/channel/UCXyUDRQ7UYrZQAe_TC-i4Xg
Vanessa Van Edwards,/user/vvanpetten
Victor Antonio,/user/salesinfluence
ethercycle,/user/ethercycle
Michael Shih,/channel/UCEePSVcLdqKGJhtgqNGgAYg
Clark Kegley - Refusing to Settle,/user/ClarkDangerFitness
Gary Lim,/channel/UCOhK59nCB6kZ-KdMLynmZAA
VITALS,/channel/UCFSmV0OF7u8CjDpzcR0pHpQ
Motiversity,/channel/UCAPByrKU5-R1emswVlyH_-g
فله ماركت,/channel/UCmr4JG8ownuVlyBjvxxMVtA
Incredible Life Media,/channel/UCmHla3uBJJlgWd_sP2obbKQ
The Shopify Store builder,/channel/UC8aFoVw4kc0RbhrMbO10pwA
Tin Entrepreneur,/channel/UCbM0uaz7bCKgnX2xKCvvwaA
Alex Tenorio,/channel/UCAsBFYgXYvrQldNKn47zIGQ
POPUPSMART,/channel/UCCvjioedUfclrYgLSawypfQ
Good Pocket Change,/channel/UCpKg7Bjwr61vTMiL9EX236w
Shopify Expert and Developer,/channel/UCrEEDguydVFoRNGEC-9aTQw
Miles Beckler,/channel/UC7RZRFCrN4XKoMsy5MgJKrg
Nate O'Brien,/channel/UCO3tlaeZ6Z0ZN5frMZI3-uQ
F a,/channel/UCyUvq63Uql8kyM15PowT0mA
Drip Apps,/channel/UCAD5Qb3qnooVdwSjsskoKiw
EosCity Apps,/channel/UC1_Zfbt4XTbCcps2es9jzgA
MLveda,/channel/UC8MHDVbwVrZ49MBbOFVqevw
eCom Dudes,/channel/UCpXfskk3Yg3_jCTXQVM-B3Q
Ecom-Tech Ka Tadka,/channel/UCTXoitMnml5ViuIHY73qfpw
Entrepreneur India TV,/channel/UCauii6-sqHaX157dJEEAk7g
LEARN E-COMMERCE,/channel/UCryyzNtrm1HunWjkZZImq0A
Seller Story,/user/Arjunrajpurohit7
Cody Hawk,/user/freedomdzine
Ecombunny,/channel/UCdiFgrANZTvxiJmVH6Q_6Qw
Silicon Valley Girl,/channel/UCiq1FIgtEK7LRAOB1JXTPig
Honest Finance,/channel/UCNGiXK9ZsxIzY-3g_TPilBQ
Russell Brunson - ClickFunnels,/channel/UC2qUDKqTsz00csykCYgdLuA
ItsRonnyMp,/user/MrRonnstar
Kevin H Notajobincome,/channel/UClig_WD-dTPyw5UvKpObTsg
MOLSOFT .io,/channel/UCekyDqQ01N0iddWe0iUPxRg
Dropship TV,/channel/UCLLu5PTmZOtdtUF5RShJmtg
Markus Evers,/channel/UCwLaNykJ6oGrZ0naM8fZAww
Tam Knight,/channel/UCCmWYhjdhhtpZViW-cB0LGQ
Shopify Design Hacks,/channel/UCrcob2yNBXdmsZMJVy3q-AA
Dan Bukin,/user/OriginalGrany
Qikify Co.,/channel/UCQKyasA8BGRQTI73EvgrtAQ
Shopify Booster Theme,/channel/UCBRoeTXALBOTUj_lsJIlMeQ
Brian Gutierrez,/channel/UCV-7c8AeiI9gzuswie-7dOw
DomIsLifee,/channel/UCgFdbhB_4PVr9usDVFMQygg
Derrick Struggle,/channel/UCP3FpFg5izSLioWVfGNiPlg
Reyes The Entrepreneur,/user/cencalroyalty
Sersa Four,/channel/UCx29LPoIKtJgYjEvW3F3XeA
Samuel Larsen,/channel/UC0ltNTUW19ntycUeKSLqbnQ
Henry Hien,/channel/UCGgsPMatst0hSt3FPwWYBxQ
Alex J Crumpton,/channel/UCxHXqUWSeQJtqtbMbBbbHCQ
Gustav Eriksson,/user/pewdiepiesweden
Mario Menduni,/user/mariomenduni
Jenny Sponton,/channel/UC8cZOoCKCIqjZeLdaTWH0JA
Chris Keyz,/channel/UCVIZRPO-BndPQpsbnJA972A
Chirag Sharma,/channel/UCWC60GXnOwKnDIjjWcUXXvw
Marketing Live TV,/channel/UC8KQuz9MHVIgQuCH8dS0FQA
Money is Awesome,/channel/UCCsLSNTwLkIkiOqq42hvPHA
LABS,/channel/UCK2Qn2hxh9acfkpaWjL7uyw
Caroline Balinska,/user/carolinebalinska
Ryan Melnick,/channel/UCtM4TfdcYpqbJm6MJnrpw5A
TemplateMonster,/user/TemplateMonsterCo
Seller Hub,/channel/UCiNl6Ie4KUFMOP21AoWzl5Q
Hasan Mc,/channel/UC05EEZFZP9hQWpd_26671vw
John Di Genua,/channel/UCmi-x7JpAuncBZ-VCg91nVg
Eric Leads,/channel/UCZVlv-uv05j5mwFlKo3sVSQ
Jelani The Marketer,/channel/UCDYASBY_QcSKGx2LZcPT70w
Tailwind,/user/PinLeaguedotcom
Shopify Secrets,/channel/UCBksgZfamcZBCxBS98LsDIQ
Power Tools,/channel/UCc6WGW359OqFFcBd598YxAw
Profit Copilot,/user/profitcopilot
EcomFire,/channel/UChsfahIdBOQRtRBLRgySQHw
Sam Dey,/channel/UCoxmLBY-UE5sSvlmD_dQvQA
Alex PNG,/channel/UCe9sjlvlMGGqiJ8IPiQNaPw
Jay Brown,/user/Jayb601
QuickMoneyFormula,/channel/UCzjP-R1Tpx0ufHgoNqpL6BA
HOUSTON MCMILLER,/user/coci3076
Katie Louise,/channel/UCBoeYCbxHIws1izV-15xEjQ
Bradley James Clarkston,/channel/UC3drnL-1COKamwHH6ocqXIA
"TechCashHouse - Best Bitcoin, Stock News",/channel/UCUbgbDVGsgziCGNEKOMBmxQ
Kingdom Creations,/channel/UCLCnC7j4-wCnYAT-76Qc2RA
ariyeh even haim,/channel/UCPqNFzFDfaoesBXhpENOjoQ
Adam Reed,/channel/UC5-hZGtFgHfE45HQmyHudJA
Instant info solutions,/channel/UCCBIQOf00sKG0VhvDM2JkwQ
Apliiq,/user/apliiq
Louis Cooke,/channel/UCmjwFq3tOAgkK1S3b1NRtXg
JoeKnowsHustle,/channel/UCw3LKx7IBDCiDBjKafLvxhA
Lucas Bivert,/channel/UCCh9yUucVdohfAhe0nOVuRQ
Freecom Academy,/channel/UCDuszy_CSC4OyquJB9kQ6VA
Importify,/user/moshelog
Link,URL
Project Life Mastery,/user/ProjectLifeMastery
Chad Otsuji,/channel/UCH6yR5rSUaYx7PaT3zCrU5w
Trevor's Reviews,/channel/UCrp0qggfWaqqh79zFnmzWBw
Alex Becker's Channel,/channel/UCKQvGU-qtjEthINeViNbn6A
Adil Maf,/channel/UCgY_QYYs5Gwt5tQciDafz3g
Alan Young,/user/The11secrets
Andy Mai,/channel/UCtrz6dg93PiMY6Fc21JWfeg
Jure Janc - Ecom,/user/jjfreeweb
Samir Chibane,/user/samirchibane94
eBay Dropshipping - The Israeli Academy,/channel/UC7EkLeFouTT6QUZitRgkf_w
ShopGenius - Shopify Ad Spy Tool,/channel/UCnQ0ruB_xmWn1tjfXzryb3A
Siim Kiolein,/channel/UCD5SZyagIVOh1Zf7ny4sSEQ
Jim Paar,/user/jimpaar
Ruan M. Marinho,/user/MegaGangChucks
They Call Me Hoz,/channel/UCrBygaFQRESGrkTpkXIDNow
Girl vs Globe,/user/girlvsglobe
Chris Record Vlogs,/channel/UCziOCmhROELF7GEZ_fShAVA
Tech Savari By Subin Yoosuf,/channel/UCOuQZrU-Nqv21vo29J0bjIw
Superior Marketing,/channel/UCdH9DqqwPmOmk_LIHLbU3ZQ